{"cameraMode":{"drawMode":0,"name":"Shaded","section":"Shading Mode"},"sceneLighting":true,"audioPlay":false,"sceneViewState":{"showFog":true,"showMaterialUpdate":false,"showSkybox":true,"showFlares":true,"showImageEffects":true,"showParticleSystems":true},"in2DMode":false,"pivot":{"x":-12.267309188842774,"y":10.196610450744629,"z":-8.440526962280274},"rotation":{"x":-0.2583239674568176,"y":-0.013911954127252102,"z":0.0037302335258573295,"w":-0.9659680724143982},"size":6.411993026733398,"orthographic":false}